O,Optimus Flies a Kite, Scotticus,Scotticus@Primes.com,5/4/77,10,3.99
Optimus Flies a Kite,Optimus Flies a Kite, Scotticus,Scotticus@Primes.com,5/4/77,10,3.99
Optimus Flies a Kite,Optimus Flies a Kite, Scotticus,Scotticus@Primes.com,5/4/77,10,3.99
Optimus Flies a Kite,Optimus Flies a Kite, Scotticus,Scotticus@Primes.com,5/4/77,10,3.99
Optimus Flies a Kite,Optimus Flies a Kite, Scotticus,Scotticus@Primes.com,5/4/77,10,3.99
Optimus Flies a Kite,Optimus Flies a Kite, Scotticus,Scotticus@Primes.com,5/4/77,10,3.99
Optimus Flies a Kite,Optimus Flies a Kite, Scotticus,Scotticus@Primes.com,5/4/77,10,3.99
Optimus Flies a Kite,Optimus Flies a Kite, Scotticus,Scotticus@Primes.com,5/4/77,10,3.99
Optimus Flies a Kite,Optimus Flies a Kite, Scotticus,Scotticus@Primes.com,5/4/77,10,3.99
Optimus Flies a Kite,Optimus Flies a Kite, Scotticus,Scotticus@Primes.com,5/4/77,10,3.99
Optimus Flies a Kite,Optimus Flies a Kite, Scotticus,Scotticus@Primes.com,5/4/77,10,3.99
Optimus Flies a Kite,Optimus Flies a Kite, Scotticus,Scotticus@Primes.com,5/4/77,10,3.99
P,Optimus Flies a Kite, Scotticus,Scotticus@Primes.com,5/4/77,10,3.99